Workbook

Sheet RAW_DATA
A1: Employee_ID | B1: First_Name | C1: Last_Name | D1: Age | E1: Department_Region | F1: Status | G1: Join_Date | H1: Salary | I1: Email | J1: Phone | K1: Performance_Score | L1: Remote_Work
A2: EMP1000 | B2: Bob | C2: Davis | D2: 25 | E2: DevOps-California | F2: Active | G2: 44288 | H2: 59767.65 | I2: bob.davis@example.com | J2: -1651623197 | K2: Average | L2: TRUE
A3: EMP1001 | B3: Bob | C3: Brown | E3: Finance-Texas | F3: Active | G3: 44022 | H3: 65304.66 | I3: bob.brown@example.com | J3: -1898471390 | K3: Excellent | L3: TRUE
A4: EMP1002 | B4: Alice | C4: Jones | E4: Admin-Nevada | F4: Pending | G4: 45267 | H4: 88145.9 | I4: alice.jones@example.com | J4: -5596363211 | K4: Good | L4: TRUE
A5: EMP1003 | B5: Eva | C5: Davis | D5: 25 | E5: Admin-Nevada | F5: Inactive | G5: 44527 | H5: 69450.99 | I5: eva.davis@example.com | J5: -3476490784 | K5: Good | L5: TRUE
A6: EMP1004 | B6: Frank | C6: Williams | D6: 25 | E6: Cloud Tech-Florida | F6: Active | G6: 44566 | H6: 109324.61 | I6: frank.williams@example.com | J6: -1586734256 | K6: Poor | L6: FALSE
A7: EMP1005 | B7: Alice | C7: Garcia | D7: 40 | E7: Sales-Texas | F7: Inactive | G7: 43992 | H7: 88642.84 | I7: alice.garcia@example.com | J7: -5409003485 | K7: Good | L7: FALSE
A8: EMP1006 | B8: Frank | C8: Jones | E8: Admin-Nevada | F8: Active | G8: 43924 | H8: 96288.43 | I8: frank.jones@example.com | J8: -4518376063 | K8: Good | L8: FALSE
A9: EMP1007 | B9: Bob | C9: Jones | D9: 30 | E9: Cloud Tech-Florida | F9: Inactive | G9: 44759 | H9: 94497.91 | I9: bob.jones@example.com | J9: -4134327559 | K9: Average | L9: TRUE
A10: EMP1008 | B10: Frank | C10: Davis | D10: 35 | E10: Admin-Nevada | F10: Inactive | G10: 45268 | H10: 115565.82 | I10: frank.davis@example.com | J10: -4177656123 | K10: Excellent | L10: TRUE
A11: EMP1009 | B11: Charlie | C11: Johnson | E11: DevOps-New York | F11: Active | G11: 44777 | H11: 76561.88 | I11: charlie.johnson@example.com | J11: -8156985699 | K11: Excellent | L11: TRUE
A12: EMP1010 | B12: David | C12: Williams | D12: 35 | E12: Cloud Tech-New York | F12: Active | G12: 45479 | H12: 72081.71 | I12: david.williams@example.com | J12: -2720634590 | K12: Average | L12: FALSE
A13: EMP1011 | B13: David | C13: Davis | E13: DevOps-California | F13: Active | G13: 45173 | H13: 84946.19 | I13: david.davis@example.com | J13: -1238296576 | K13: Poor | L13: TRUE
A14: EMP1012 | B14: Heidi | C14: Williams | D14: 30 | E14: HR-New York | F14: Active | G14: 45356 | H14: 89295.77 | I14: heidi.williams@example.com | J14: -2429543164 | K14: Excellent | L14: FALSE
A15: EMP1013 | B15: Grace | C15: Williams | E15: Finance-California | F15: Active | G15: 44114 | H15: 85666.84 | I15: grace.williams@example.com | J15: -2669300892 | K15: Good | L15: FALSE
A16: EMP1014 | B16: Alice | C16: Garcia | D16: 25 | E16: Admin-Nevada | F16: Active | G16: 45453 | H16: 97633.68 | I16: alice.garcia@example.com | J16: -1734206968 | K16: Excellent | L16: TRUE
A17: EMP1015 | B17: Grace | C17: Jones | D17: 40 | E17: Sales-Florida | F17: Pending | G17: 44345 | H17: 117975.49 | I17: grace.jones@example.com | J17: -4215291085 | K17: Good | L17: TRUE
A18: EMP1016 | B18: Alice | C18: Brown | D18: 25 | E18: DevOps-Illinois | F18: Inactive | G18: 45405 | H18: 94867.33 | I18: alice.brown@example.com | J18: -7713334475 | K18: Poor | L18: FALSE
A19: EMP1017 | B19: Grace | C19: Garcia | D19: 30 | E19: Finance-Texas | F19: Pending | G19: 45624 | H19: 100377.65 | I19: grace.garcia@example.com | J19: -2639343625 | K19: Average | L19: TRUE
A20: EMP1018 | B20: Charlie | C20: Garcia | E20: Cloud Tech-Nevada | F20: Inactive | G20: 45554 | H20: 94726.46 | I20: charlie.garcia@example.com | J20: -2044397358 | K20: Excellent | L20: FALSE
A21: EMP1019 | B21: Charlie | C21: Williams | D21: 35 | E21: Admin-Illinois | F21: Pending | G21: 43832 | H21: 91926.12 | I21: charlie.williams@example.com | J21: -7107256365 | K21: Average | L21: TRUE
A22: EMP1020 | B22: Bob | C22: Miller | D22: 35 | E22: HR-New York | F22: Active | G22: 44324 | H22: 111460.67 | I22: bob.miller@example.com | J22: -9411800536 | K22: Excellent | L22: TRUE
A23: EMP1021 | B23: Bob | C23: Jones | D23: 40 | E23: Cloud Tech-Illinois | F23: Active | G23: 44093 | H23: 96182.56 | I23: bob.jones@example.com | J23: -5990048963 | K23: Good | L23: FALSE
A24: EMP1022 | B24: Charlie | C24: Johnson | D24: 35 | E24: Sales-Illinois | F24: Inactive | G24: 44264 | H24: 115023.94 | I24: charlie.johnson@example.com | J24: -6528092427 | K24: Average | L24: TRUE
A25: EMP1023 | B25: David | C25: Garcia | D25: 35 | E25: Finance-Nevada | F25: Pending | G25: 44595 | H25: 80667.01 | I25: david.garcia@example.com | J25: -7572158623 | K25: Excellent | L25: FALSE
A26: EMP1024 | B26: Bob | C26: Brown | D26: 30 | E26: Admin-Texas | F26: Inactive | G26: 43874 | H26: 91181.61 | I26: bob.brown@example.com | J26: -1502745643 | K26: Good | L26: TRUE
A27: EMP1025 | B27: David | C27: Miller | D27: 25 | E27: Cloud Tech-Nevada | F27: Pending | G27: 43951 | H27: 66025.92 | I27: david.miller@example.com | J27: -9485625727 | K27: Average | L27: FALSE
A28: EMP1026 | B28: Frank | C28: Miller | D28: 25 | E28: Sales-New York | F28: Inactive | G28: 45201 | H28: 83979.01 | I28: frank.miller@example.com | J28: -7032032073 | K28: Average | L28: FALSE
A29: EMP1027 | B29: Heidi | C29: Johnson | D29: 30 | E29: Finance-Florida | F29: Active | G29: 44024 | H29: 56785.16 | I29: heidi.johnson@example.com | J29: -2761707586 | K29: Excellent | L29: TRUE
A30: EMP1028 | B30: Grace | C30: Garcia | D30: 40 | E30: Finance-Nevada | F30: Active | G30: 45210 | H30: 95741.88 | I30: grace.garcia@example.com | J30: -7712151341 | K30: Excellent | L30: FALSE
A31: EMP1029 | B31: Alice | C31: Brown | D31: 40 | E31: DevOps-California | F31: Active | G31: 44340 | H31: 63411.31 | I31: alice.brown@example.com | J31: -2849939088 | K31: Excellent | L31: TRUE
A32: EMP1030 | B32: Charlie | C32: Jones | D32: 40 | E32: Admin-California | F32: Inactive | G32: 44342 | H32: 111214.02 | I32: charlie.jones@example.com | J32: -2613715040 | K32: Good | L32: TRUE
... A37: EMP1035 | B37: Frank | C37: Jones | D37: 25 | E37: Cloud Tech-Illinois | F37: Inactive | G37: 44860 | H37: 114357.1 | I37: frank.jones@example.com | J37: -6642147648 | K37: Excellent | L37: TRUE
A38: EMP1036 | B38: Alice | C38: Brown | E38: Cloud Tech-New York | F38: Active | G38: 45049 | H38: 54757.26 | I38: alice.brown@example.com | J38: -2515837766 | K38: Poor | L38: FALSE
A39: EMP1037 | B39: Grace | C39: Smith | D39: 25 | E39: Sales-New York | F39: Pending | G39: 45048 | H39: 52781.92 | I39: grace.smith@example.com | J39: -4996165925 | K39: Average | L39: TRUE
A40: EMP1038 | B40: Frank | C40: Smith | D40: 35 | E40: Admin-Nevada | F40: Pending | G40: 44474 | H40: 66708.02 | I40: frank.smith@example.com | J40: -6108573277 | K40: Good | L40: TRUE
A41: EMP1039 | B41: Eva | C41: Williams | D41: 40 | E41: HR-Texas | F41: Active | G41: 44769 | H41: 93481.15 | I41: eva.williams@example.com | J41: -8147617421 | K41: Poor | L41: FALSE
A42: EMP1040 | B42: Bob | C42: Williams | D42: 25 | E42: Sales-New York | F42: Pending | G42: 44374 | H42: 59271.96 | I42: bob.williams@example.com | J42: -4386490809 | K42: Excellent | L42: TRUE
A43: EMP1041 | B43: Bob | C43: Davis | D43: 30 | E43: HR-California | F43: Active | G43: 44728 | H43: 108362.15 | I43: bob.davis@example.com | J43: -8186617944 | K43: Excellent | L43: FALSE
A44: EMP1042 | B44: Alice | C44: Johnson | E44: HR-Nevada | F44: Active | G44: 45629 | H44: 59400.38 | I44: alice.johnson@example.com | J44: -4918017225 | K44: Average | L44: TRUE
A45: EMP1043 | B45: Bob | C45: Garcia | E45: Admin-California | F45: Inactive | G45: 45069 | H45: 64744.08 | I45: bob.garcia@example.com | J45: -164597793 | K45: Excellent | L45: FALSE
A46: EMP1044 | B46: Eva | C46: Brown | E46: Finance-California | F46: Active | G46: 44020 | H46: 94399.91 | I46: eva.brown@example.com | J46: -5232194167 | K46: Good | L46: TRUE
A47: EMP1045 | B47: Alice | C47: Brown | D47: 25 | E47: HR-New York | F47: Pending | G47: 44367 | H47: 61310.74 | I47: alice.brown@example.com | J47: -61027768 | K47: Average | L47: TRUE
A48: EMP1046 | B48: Grace | C48: Garcia | E48: Cloud Tech-Texas | F48: Active | G48: 45639 | H48: 98371.37 | I48: grace.garcia@example.com | J48: -7499564121 | K48: Excellent | L48: FALSE
A49: EMP1047 | B49: Alice | C49: Davis | D49: 35 | E49: Sales-Illinois | F49: Active | G49: 44711 | H49: 58921.19 | I49: alice.davis@example.com | J49: -310303722 | K49: Average | L49: TRUE
A50: EMP1048 | B50: Alice | C50: Miller | D50: 35 | E50: Admin-Nevada | F50: Active | G50: 45196 | H50: 57195.55 | I50: alice.miller@example.com | J50: -6831472759 | K50: Excellent | L50: FALSE
A51: EMP1049 | B51: Grace | C51: Miller | E51: DevOps-New York | F51: Active | G51: 45601 | H51: 61375.12 | I51: grace.miller@example.com | J51: -1227770792 | K51: Excellent | L51: TRUE
A52: EMP1050 | B52: Charlie | C52: Davis | D52: 40 | E52: Cloud Tech-New York | F52: Pending | G52: 44511 | H52: 104767.05 | I52: charlie.davis@example.com | J52: -3496050165 | K52: Excellent | L52: FALSE
A53: EMP1051 | B53: David | C53: Miller | D53: 35 | E53: Admin-Nevada | F53: Active | G53: 44614 | H53: 111051.67 | I53: david.miller@example.com | J53: -7998407677 | K53: Good | L53: FALSE
A54: EMP1052 | B54: David | C54: Williams | D54: 30 | E54: Finance-California | F54: Inactive | G54: 45511 | H54: 105674.18 | I54: david.williams@example.com | J54: -9973080694 | K54: Good | L54: FALSE
A55: EMP1053 | B55: Alice | C55: Brown | D55: 30 | E55: Finance-California | F55: Inactive | G55: 45601 | H55: 54859.45 | I55: alice.brown@example.com | J55: -8146717956 | K55: Average | L55: FALSE
A56: EMP1054 | B56: Frank | C56: Davis | E56: Finance-Nevada | F56: Pending | G56: 44509 | H56: 115746.6 | I56: frank.davis@example.com | J56: -6024375737 | K56: Excellent | L56: TRUE
A57: EMP1055 | B57: Eva | C57: Brown | D57: 30 | E57: Sales-California | F57: Active | G57: 44053 | H57: 91759.99 | I57: eva.brown@example.com | J57: -3959724664 | K57: Excellent | L57: TRUE
A58: EMP1056 | B58: Frank | C58: Garcia | D58: 40 | E58: Sales-Illinois | F58: Active | G58: 44619 | H58: 112965.33 | I58: frank.garcia@example.com | J58: -7293417222 | K58: Good | L58: FALSE
A59: EMP1057 | B59: Alice | C59: Smith | D59: 40 | E59: Cloud Tech-Illinois | F59: Pending | G59: 45237 | H59: 100360.1 | I59: alice.smith@example.com | J59: -2971674337 | K59: Excellent | L59: FALSE
A60: EMP1058 | B60: David | C60: Williams | D60: 35 | E60: Finance-Texas | F60: Pending | G60: 44507 | H60: 93620.88 | I60: david.williams@example.com | J60: -54522800 | K60: Good | L60: FALSE
A61: EMP1059 | B61: Bob | C61: Jones | D61: 35 | E61: Sales-California | F61: Pending | G61: 44667 | H61: 72832.8 | I61: bob.jones@example.com | J61: -5619318373 | K61: Excellent | L61: TRUE
A62: EMP1060 | B62: Charlie | C62: Williams | D62: 30 | E62: Finance-Nevada | F62: Inactive | G62: 45218 | H62: 102369.42 | I62: charlie.williams@example.com | J62: -5508428909 | K62: Average | L62: TRUE
A63: EMP1061 | B63: Eva | C63: Davis | D63: 40 | E63: Sales-Texas | F63: Inactive | G63: 44418 | H63: 64712.79 | I63: eva.davis@example.com | J63: -7711991807 | K63: Excellent | L63: TRUE
A64: EMP1062 | B64: Frank | C64: Jones | D64: 40 | E64: Finance-Florida | F64: Pending | G64: 44268 | H64: 85782.18 | I64: frank.jones@example.com | J64: -1213524786 | K64: Excellent | L64: TRUE
A65: EMP1063 | B65: Charlie | C65: Smith | D65: 25 | E65: HR-Illinois | F65: Pending | G65: 45127 | H65: 93348.26 | I65: charlie.smith@example.com | J65: -1255213759 | K65: Poor | L65: FALSE
A66: EMP1064 | B66: David | C66: Davis | D66: 35 | E66: Admin-New York | F66: Active | G66: 43881 | H66: 53234.96 | I66: david.davis@example.com | J66: -3754821455 | K66: Good | L66: FALSE
A67: EMP1065 | B67: Bob | C67: Johnson | D67: 40 | E67: Finance-Nevada | F67: Pending | G67: 44229 | H67: 100284.21 | I67: bob.johnson@example.com | J67: -5328632665 | K67: Excellent | L67: FALSE
A68: EMP1066 | B68: Grace | C68: Brown | D68: 30 | E68: Admin-Nevada | F68: Pending | G68: 43842 | H68: 112486.19 | I68: grace.brown@example.com | J68: -7850720810 | K68: Excellent | L68: TRUE
... A70: EMP1068 | B70: Bob | C70: Brown | D70: 40 | E70: Admin-Florida | F70: Pending | G70: 44918 | H70: 119152.47 | I70: bob.brown@example.com | J70: -846684549 | K70: Poor | L70: TRUE
A71: EMP1069 | B71: Heidi | C71: Miller | E71: DevOps-Illinois | F71: Inactive | G71: 45532 | H71: 113479.83 | I71: heidi.miller@example.com | J71: -4892673898 | K71: Good | L71: FALSE
A72: EMP1070 | B72: Charlie | C72: Johnson | D72: 40 | E72: Finance-California | F72: Active | G72: 45551 | H72: 94636.3 | I72: charlie.johnson@example.com | J72: -7563410855 | K72: Poor | L72: FALSE
A73: EMP1071 | B73: Heidi | C73: Johnson | D73: 30 | E73: HR-Florida | F73: Active | G73: 45292 | H73: 70000.97 | I73: heidi.johnson@example.com | J73: -2884318847 | K73: Average | L73: TRUE
A74: EMP1072 | B74: Frank | C74: Smith | E74: Cloud Tech-New York | F74: Active | G74: 44304 | H74: 76812.47 | I74: frank.smith@example.com | J74: -5200894345 | K74: Poor | L74: FALSE
A75: EMP1073 | B75: David | C75: Johnson | D75: 25 | E75: Finance-Florida | F75: Inactive | G75: 44942 | H75: 82614.7 | I75: david.johnson@example.com | J75: -8105485100 | K75: Average | L75: TRUE
A76: EMP1074 | B76: Grace | C76: Jones | D76: 40 | E76: Sales-Nevada | F76: Active | G76: 45585 | H76: 111645.97 | I76: grace.jones@example.com | J76: -7490753997 | K76: Good | L76: TRUE
A77: EMP1075 | B77: Heidi | C77: Johnson | D77: 25 | E77: HR-California | F77: Inactive | G77: 45578 | H77: 112414.91 | I77: heidi.johnson@example.com | J77: -9354492682 | K77: Good | L77: FALSE
A78: EMP1076 | B78: David | C78: Brown | D78: 40 | E78: Admin-California | F78: Inactive | G78: 44825 | H78: 52031.74 | I78: david.brown@example.com | J78: -1589357125 | K78: Good | L78: TRUE
A79: EMP1077 | B79: Grace | C79: Brown | D79: 30 | E79: Finance-New York | F79: Pending | G79: 44924 | H79: 51887.65 | I79: grace.brown@example.com | J79: -6110627370 | K79: Good | L79: FALSE
A80: EMP1078 | B80: Alice | C80: Davis | D80: 25 | E80: DevOps-Florida | F80: Active | G80: 45606 | H80: 82318.89 | I80: alice.davis@example.com | J80: -5869886496 | K80: Good | L80: TRUE
A81: EMP1079 | B81: Grace | C81: Brown | D81: 35 | E81: Admin-Florida | F81: Inactive | G81: 44522 | H81: 103286.08 | I81: grace.brown@example.com | J81: -6776228276 | K81: Average | L81: FALSE
A82: EMP1080 | B82: Grace | C82: Davis | D82: 35 | E82: Cloud Tech-Florida | F82: Active | G82: 45365 | H82: 87759.33 | I82: grace.davis@example.com | J82: -2881377027 | K82: Average | L82: FALSE
A83: EMP1081 | B83: Frank | C83: Brown | D83: 30 | E83: DevOps-Texas | F83: Pending | G83: 43913 | H83: 102796.32 | I83: frank.brown@example.com | J83: -5196115939 | K83: Good | L83: FALSE
A84: EMP1082 | B84: David | C84: Jones | D84: 25 | E84: Sales-New York | F84: Active | G84: 44089 | H84: 83149.27 | I84: david.jones@example.com | J84: -8215454469 | K84: Poor | L84: TRUE
A85: EMP1083 | B85: David | C85: Garcia | D85: 40 | E85: DevOps-California | F85: Inactive | G85: 44174 | H85: 92412.49 | I85: david.garcia@example.com | J85: -2296044326 | K85: Excellent | L85: TRUE
A86: EMP1084 | B86: Bob | C86: Davis | D86: 30 | E86: HR-Texas | F86: Pending | G86: 43883 | H86: 115022.1 | I86: bob.davis@example.com | J86: -185106793 | K86: Good | L86: FALSE
... A88: EMP1086 | B88: Bob | C88: Miller | D88: 35 | E88: DevOps-Illinois | F88: Active | G88: 45461 | H88: 118869.1 | I88: bob.miller@example.com | J88: -7725199662 | K88: Excellent | L88: TRUE
A89: EMP1087 | B89: Frank | C89: Smith | E89: Finance-Nevada | F89: Inactive | G89: 43972 | H89: 85417.26 | I89: frank.smith@example.com | J89: -6580741208 | K89: Good | L89: TRUE
A90: EMP1088 | B90: Grace | C90: Brown | D90: 40 | E90: Cloud Tech-Florida | F90: Inactive | G90: 45132 | H90: 112410.25 | I90: grace.brown@example.com | J90: -4818139889 | K90: Good | L90: TRUE
A91: EMP1089 | B91: Charlie | C91: Johnson | D91: 40 | E91: Admin-Nevada | F91: Pending | G91: 45163 | H91: 68905.77 | I91: charlie.johnson@example.com | J91: -9837801819 | K91: Average | L91: FALSE
A92: EMP1090 | B92: Heidi | C92: Garcia | D92: 40 | E92: Finance-Nevada | F92: Pending | G92: 44380 | H92: 72561.32 | I92: heidi.garcia@example.com | J92: -4339718955 | K92: Excellent | L92: TRUE
A93: EMP1091 | B93: Bob | C93: Brown | D93: 35 | E93: Finance-New York | F93: Inactive | G93: 44998 | H93: 92723.22 | I93: bob.brown@example.com | J93: -9070562607 | K93: Excellent | L93: TRUE
A94: EMP1092 | B94: Alice | C94: Johnson | D94: 40 | E94: HR-New York | F94: Inactive | G94: 44265 | H94: 74837.75 | I94: alice.johnson@example.com | J94: -5641118241 | K94: Poor | L94: FALSE
A95: EMP1093 | B95: Eva | C95: Miller | E95: DevOps-California | F95: Pending | G95: 43851 | H95: 86163.91 | I95: eva.miller@example.com | J95: -2412462094 | K95: Average | L95: TRUE
A96: EMP1094 | B96: David | C96: Miller | D96: 40 | E96: Finance-Illinois | F96: Active | G96: 45245 | H96: 83326.52 | I96: david.miller@example.com | J96: -2004615264 | K96: Average | L96: TRUE
A97: EMP1095 | B97: Heidi | C97: Miller | D97: 25 | E97: Cloud Tech-California | F97: Active | G97: 44659 | H97: 98425.1 | I97: heidi.miller@example.com | J97: -4610339936 | K97: Average | L97: TRUE
A98: EMP1096 | B98: Frank | C98: Johnson | D98: 40 | E98: Sales-Illinois | F98: Inactive | G98: 44702 | H98: 119764.2 | I98: frank.johnson@example.com | J98: -8861405785 | K98: Average | L98: FALSE
A99: EMP1097 | B99: Frank | C99: Brown | D99: 40 | E99: HR-California | F99: Inactive | G99: 44303 | H99: 58445.91 | I99: frank.brown@example.com | J99: -1706304890 | K99: Excellent | L99: FALSE
A100: EMP1098 | B100: Bob | C100: Miller | E100: DevOps-New York | F100: Active | G100: 44274 | H100: 101702.33 | I100: bob.miller@example.com | J100: -3824967182 | K100: Excellent | L100: FALSE
A101: EMP1099 | B101: Eva | C101: Jones | D101: 25 | E101: Admin-California | F101: Active | G101: 44570 | H101: N/A | I101: eva.jones@example.com | J101: -2582386869 | K101: Good | L101: FALSE
A102: EMP1100 | B102: Charlie | C102: Davis | D102: 35 | E102: Cloud Tech-Texas | F102: Pending | G102: 44429 | H102: 98819.22 | I102: charlie.davis@example.com | J102: -794200748 | K102: Good | L102: FALSE
A103: EMP1101 | B103: Heidi | C103: Johnson | D103: 25 | E103: Cloud Tech-Illinois | F103: Inactive | G103: 44792 | H103: 83509.99 | I103: heidi.johnson@example.com | J103: -4653984027 | K103: Average | L103: FALSE
A104: EMP1102 | B104: Alice | C104: Johnson | D104: 35 | E104: Finance-Texas | F104: Active | G104: 44651 | H104: 84422.26 | I104: alice.johnson@example.com | J104: -9141612845 | K104: Average | L104: FALSE
A105: EMP1103 | B105: Alice | C105: Brown | D105: 30 | E105: Admin-Illinois | F105: Inactive | G105: 44005 | H105: 119574.27 | I105: alice.brown@example.com | J105: -3985547434 | K105: Average | L105: TRUE
A106: EMP1104 | B106: Grace | C106: Johnson | E106: Sales-Illinois | F106: Active | G106: 45419 | H106: 86580.08 | I106: grace.johnson@example.com | J106: -5379502096 | K106: Good | L106: TRUE
...

Sheet Formula_Cleansing
A1: Employee_ID | B1: First_Name | C1: Last_Name | D1: Age | E1: Department_Region | F1: Department | G1: Region | P1: Salary | Q1: Performance_Score | R1: Performance_Bouns
A2: =PROPER(TRIM(CLEAN(RAW_DATA!A2))) -> Emp1000 | B2: =RAW_DATA!B2 -> Bob | C2: =RAW_DATA!C2 -> Davis | D2: =RAW_DATA!D2 -> 25 | E2: =PROPER(TRIM(CLEAN(RAW_DATA!E2))) -> Devops-California | F2: =LEFT(E2, FIND("-", E2) - 1) -> Devops | G2: =RIGHT(E2, LEN(E2) - FIND("-",E2)) -> California | P2: =IF(ISNUMBER(R2), R2, AVERAGEIF($R$2:$R$1000, ">0")) -> 59767.65 | Q2: =IF(PQ_Cleansing!L2="Excellent", P2 * 0.1, IF(PQ_Cleansing!L2="Good", P2 * 0.05, IF(PQ_Cleansing!L2="Average", P2 * 0.02, IF(PQ_Cleansing!L2="Poor", 0, 0)))) -> 1195.353 | R2: =IFERROR(VALUE(SUBSTITUTE(SUBSTITUTE(PQ_Cleansing!I2, "$", ""), ",", "")), "") -> 59767.65
A3: =PROPER(TRIM(CLEAN(RAW_DATA!A3))) -> Emp1001 | B3: =RAW_DATA!B3 -> Bob | C3: =RAW_DATA!C3 -> Brown | D3: =RAW_DATA!D3 -> 0 | E3: =RAW_DATA!E3 -> Finance-Texas | F3: =LEFT(E3, FIND("-", E3) - 1) -> Finance | G3: =RIGHT(E3, LEN(E3) - FIND("-",E3)) -> Texas | P3: =IF(ISNUMBER(R3), R3, AVERAGEIF($R$2:$R$1000, ">0")) -> 65304.66 | Q3: =IF(PQ_Cleansing!L3="Excellent", P3 * 0.1, IF(PQ_Cleansing!L3="Good", P3 * 0.05, IF(PQ_Cleansing!L3="Average", P3 * 0.02, IF(PQ_Cleansing!L3="Poor", 0, 0)))) -> 6530.466 | R3: =IFERROR(VALUE(SUBSTITUTE(SUBSTITUTE(PQ_Cleansing!I3, "$", ""), ",", "")), "") -> 65304.66
A4: =PROPER(TRIM(CLEAN(RAW_DATA!A4))) -> Emp1002 | B4: =RAW_DATA!B4 -> Alice | C4: =RAW_DATA!C4 -> Jones | D4: =RAW_DATA!D4 -> 0 | E4: =RAW_DATA!E4 -> Admin-Nevada | F4: =LEFT(E4, FIND("-", E4) - 1) -> Admin | G4: =RIGHT(E4, LEN(E4) - FIND("-",E4)) -> Nevada | P4: =IF(ISNUMBER(R4), R4, AVERAGEIF($R$2:$R$1000, ">0")) -> 88145.9 | Q4: =IF(PQ_Cleansing!L4="Excellent", P4 * 0.1, IF(PQ_Cleansing!L4="Good", P4 * 0.05, IF(PQ_Cleansing!L4="Average", P4 * 0.02, IF(PQ_Cleansing!L4="Poor", 0, 0)))) -> 4407.295 | R4: =IFERROR(VALUE(SUBSTITUTE(SUBSTITUTE(PQ_Cleansing!I4, "$", ""), ",", "")), "") -> 88145.9
A5: =PROPER(TRIM(CLEAN(RAW_DATA!A5))) -> Emp1003 | B5: =RAW_DATA!B5 -> Eva | C5: =RAW_DATA!C5 -> Davis | D5: =RAW_DATA!D5 -> 25 | E5: =RAW_DATA!E5 -> Admin-Nevada | F5: =LEFT(E5, FIND("-", E5) - 1) -> Admin | G5: =RIGHT(E5, LEN(E5) - FIND("-",E5)) -> Nevada | P5: =IF(ISNUMBER(R5), R5, AVERAGEIF($R$2:$R$1000, ">0")) -> 69450.99 | Q5: =IF(PQ_Cleansing!L5="Excellent", P5 * 0.1, IF(PQ_Cleansing!L5="Good", P5 * 0.05, IF(PQ_Cleansing!L5="Average", P5 * 0.02, IF(PQ_Cleansing!L5="Poor", 0, 0)))) -> 3472.5495 | R5: =IFERROR(VALUE(SUBSTITUTE(SUBSTITUTE(PQ_Cleansing!I5, "$", ""), ",", "")), "") -> 69450.99
A6: =PROPER(TRIM(CLEAN(RAW_DATA!A6))) -> Emp1004 | B6: =RAW_DATA!B6 -> Frank | C6: =RAW_DATA!C6 -> Williams | D6: =RAW_DATA!D6 -> 25 | E6: =RAW_DATA!E6 -> Cloud Tech-Florida | F6: =LEFT(E6, FIND("-", E6) - 1) -> Cloud Tech | G6: =RIGHT(E6, LEN(E6) - FIND("-",E6)) -> Florida | P6: =IF(ISNUMBER(R6), R6, AVERAGEIF($R$2:$R$1000, ">0")) -> 109324.61 | Q6: =IF(PQ_Cleansing!L6="Excellent", P6 * 0.1, IF(PQ_Cleansing!L6="Good", P6 * 0.05, IF(PQ_Cleansing!L6="Average", P6 * 0.02, IF(PQ_Cleansing!L6="Poor", 0, 0)))) -> 0 | R6: =IFERROR(VALUE(SUBSTITUTE(SUBSTITUTE(PQ_Cleansing!I6, "$", ""), ",", "")), "") -> 109324.61
A7: =PROPER(TRIM(CLEAN(RAW_DATA!A7))) -> Emp1005 | B7: =RAW_DATA!B7 -> Alice | C7: =RAW_DATA!C7 -> Garcia | D7: =RAW_DATA!D7 -> 40 | E7: =RAW_DATA!E7 -> Sales-Texas | F7: =LEFT(E7, FIND("-", E7) - 1) -> Sales | G7: =RIGHT(E7, LEN(E7) - FIND("-",E7)) -> Texas | P7: =IF(ISNUMBER(R7), R7, AVERAGEIF($R$2:$R$1000, ">0")) -> 88642.84 | Q7: =IF(PQ_Cleansing!L7="Excellent", P7 * 0.1, IF(PQ_Cleansing!L7="Good", P7 * 0.05, IF(PQ_Cleansing!L7="Average", P7 * 0.02, IF(PQ_Cleansing!L7="Poor", 0, 0)))) -> 4432.142 | R7: =IFERROR(VALUE(SUBSTITUTE(SUBSTITUTE(PQ_Cleansing!I7, "$", ""), ",", "")), "") -> 88642.84
A8: =PROPER(TRIM(CLEAN(RAW_DATA!A8))) -> Emp1006 | B8: =RAW_DATA!B8 -> Frank | C8: =RAW_DATA!C8 -> Jones | D8: =RAW_DATA!D8 -> 0 | E8: =RAW_DATA!E8 -> Admin-Nevada | F8: =LEFT(E8, FIND("-", E8) - 1) -> Admin | G8: =RIGHT(E8, LEN(E8) - FIND("-",E8)) -> Nevada | P8: =IF(ISNUMBER(R8), R8, AVERAGEIF($R$2:$R$1000, ">0")) -> 96288.43 | Q8: =IF(PQ_Cleansing!L8="Excellent", P8 * 0.1, IF(PQ_Cleansing!L8="Good", P8 * 0.05, IF(PQ_Cleansing!L8="Average", P8 * 0.02, IF(PQ_Cleansing!L8="Poor", 0, 0)))) -> 4814.4215 | R8: =IFERROR(VALUE(SUBSTITUTE(SUBSTITUTE(PQ_Cleansing!I8, "$", ""), ",", "")), "") -> 96288.43
A9: =PROPER(TRIM(CLEAN(RAW_DATA!A9))) -> Emp1007 | B9: =RAW_DATA!B9 -> Bob | C9: =RAW_DATA!C9 -> Jones | D9: =RAW_DATA!D9 -> 30 | E9: =RAW_DATA!E9 -> Cloud Tech-Florida | F9: =LEFT(E9, FIND("-", E9) - 1) -> Cloud Tech | G9: =RIGHT(E9, LEN(E9) - FIND("-",E9)) -> Florida | P9: =IF(ISNUMBER(R9), R9, AVERAGEIF($R$2:$R$1000, ">0")) -> 94497.91 | Q9: =IF(PQ_Cleansing!L9="Excellent", P9 * 0.1, IF(PQ_Cleansing!L9="Good", P9 * 0.05, IF(PQ_Cleansing!L9="Average", P9 * 0.02, IF(PQ_Cleansing!L9="Poor", 0, 0)))) -> 1889.9582 | R9: =IFERROR(VALUE(SUBSTITUTE(SUBSTITUTE(PQ_Cleansing!I9, "$", ""), ",", "")), "") -> 94497.91
A10: =PROPER(TRIM(CLEAN(RAW_DATA!A10))) -> Emp1008 | B10: =RAW_DATA!B10 -> Frank | C10: =RAW_DATA!C10 -> Davis | D10: =RAW_DATA!D10 -> 35 | E10: =RAW_DATA!E10 -> Admin-Nevada | F10: =LEFT(E10, FIND("-", E10) - 1) -> Admin | G10: =RIGHT(E10, LEN(E10) - FIND("-",E10)) -> Nevada | P10: =IF(ISNUMBER(R10), R10, AVERAGEIF($R$2:$R$1000, ">0")) -> 115565.82 | Q10: =IF(PQ_Cleansing!L10="Excellent", P10 * 0.1, IF(PQ_Cleansing!L10="Good", P10 * 0.05, IF(PQ_Cleansing!L10="Average", P10 * 0.02, IF(PQ_Cleansing!L10="Poor", 0, 0)))) -> 11556.582 | R10: =IFERROR(VALUE(SUBSTITUTE(SUBSTITUTE(PQ_Cleansing!I10, "$", ""), ",", "")), "") -> 115565.82
A11: =PROPER(TRIM(CLEAN(RAW_DATA!A11))) -> Emp1009 | B11: =RAW_DATA!B11 -> Charlie | C11: =RAW_DATA!C11 -> Johnson | D11: =RAW_DATA!D11 -> 0 | E11: =RAW_DATA!E11 -> DevOps-New York | F11: =LEFT(E11, FIND("-", E11) - 1) -> DevOps | G11: =RIGHT(E11, LEN(E11) - FIND("-",E11)) -> New York | P11: =IF(ISNUMBER(R11), R11, AVERAGEIF($R$2:$R$1000, ">0")) -> 76561.88 | Q11: =IF(PQ_Cleansing!L11="Excellent", P11 * 0.1, IF(PQ_Cleansing!L11="Good", P11 * 0.05, IF(PQ_Cleansing!L11="Average", P11 * 0.02, IF(PQ_Cleansing!L11="Poor", 0, 0)))) -> 7656.188 | R11: =IFERROR(VALUE(SUBSTITUTE(SUBSTITUTE(PQ_Cleansing!I11, "$", ""), ",", "")), "") -> 76561.88
A12: =PROPER(TRIM(CLEAN(RAW_DATA!A12))) -> Emp1010 | B12: =RAW_DATA!B12 -> David | C12: =RAW_DATA!C12 -> Williams | D12: =RAW_DATA!D12 -> 35 | E12: =RAW_DATA!E12 -> Cloud Tech-New York | F12: =LEFT(E12, FIND("-", E12) - 1) -> Cloud Tech | G12: =RIGHT(E12, LEN(E12) - FIND("-",E12)) -> New York | P12: =IF(ISNUMBER(R12), R12, AVERAGEIF($R$2:$R$1000, ">0")) -> 72081.71 | Q12: =IF(PQ_Cleansing!L12="Excellent", P12 * 0.1, IF(PQ_Cleansing!L12="Good", P12 * 0.05, IF(PQ_Cleansing!L12="Average", P12 * 0.02, IF(PQ_Cleansing!L12="Poor", 0, 0)))) -> 1441.6342 | R12: =IFERROR(VALUE(SUBSTITUTE(SUBSTITUTE(PQ_Cleansing!I12, "$", ""), ",", "")), "") -> 72081.71
A13: =PROPER(TRIM(CLEAN(RAW_DATA!A13))) -> Emp1011 | B13: =RAW_DATA!B13 -> David | C13: =RAW_DATA!C13 -> Davis | D13: =RAW_DATA!D13 -> 0 | E13: =RAW_DATA!E13 -> DevOps-California | F13: =LEFT(E13, FIND("-", E13) - 1) -> DevOps | G13: =RIGHT(E13, LEN(E13) - FIND("-",E13)) -> California | P13: =IF(ISNUMBER(R13), R13, AVERAGEIF($R$2:$R$1000, ">0")) -> 84946.19 | Q13: =IF(PQ_Cleansing!L13="Excellent", P13 * 0.1, IF(PQ_Cleansing!L13="Good", P13 * 0.05, IF(PQ_Cleansing!L13="Average", P13 * 0.02, IF(PQ_Cleansing!L13="Poor", 0, 0)))) -> 0 | R13: =IFERROR(VALUE(SUBSTITUTE(SUBSTITUTE(PQ_Cleansing!I13, "$", ""), ",", "")), "") -> 84946.19
A14: =PROPER(TRIM(CLEAN(RAW_DATA!A14))) -> Emp1012 | B14: =RAW_DATA!B14 -> Heidi | C14: =RAW_DATA!C14 -> Williams | D14: =RAW_DATA!D14 -> 30 | E14: =RAW_DATA!E14 -> HR-New York | F14: =LEFT(E14, FIND("-", E14) - 1) -> HR | G14: =RIGHT(E14, LEN(E14) - FIND("-",E14)) -> New York | P14: =IF(ISNUMBER(R14), R14, AVERAGEIF($R$2:$R$1000, ">0")) -> 89295.77 | Q14: =IF(PQ_Cleansing!L14="Excellent", P14 * 0.1, IF(PQ_Cleansing!L14="Good", P14 * 0.05, IF(PQ_Cleansing!L14="Average", P14 * 0.02, IF(PQ_Cleansing!L14="Poor", 0, 0)))) -> 8929.577 | R14: =IFERROR(VALUE(SUBSTITUTE(SUBSTITUTE(PQ_Cleansing!I14, "$", ""), ",", "")), "") -> 89295.77
... A1021: =PROPER(TRIM(CLEAN(RAW_DATA!A1021))) -> Emp2019 | B1021: =RAW_DATA!B1021 -> Heidi | C1021: =RAW_DATA!C1021 -> Jones | D1021: =RAW_DATA!D1021 -> 30 | E1021: =RAW_DATA!E1021 -> DevOps-Illinois | F1021: =LEFT(E1021, FIND("-", E1021) - 1) -> DevOps | G1021: =RIGHT(E1021, LEN(E1021) - FIND("-",E1021)) -> Illinois | P1021: =IF(ISNUMBER(R1021), R1021, AVERAGEIF($R$2:$R$1000, ">0")) -> 77764.24 | Q1021: =IF(PQ_Cleansing!L1021="Excellent", P1021 * 0.1, IF(PQ_Cleansing!L1021="Good", P1021 * 0.05, IF(PQ_Cleansing!L1021="Average", P1021 * 0.02, IF(PQ_Cleansing!L1021="Poor", 0, 0)))) -> 1555.2848 | R1021: =IFERROR(VALUE(SUBSTITUTE(SUBSTITUTE(PQ_Cleansing!I1021, "$", ""), ",", "")), "") -> 77764.24

Sheet PQ_Cleansing
A1: Employee_ID | B1: First_Name | C1: Last_Name | D1: Age | E1: Department_Region.1 | F1: Department_Region.2 | G1: Status | H1: Join_Date | I1: Salary | J1: Email | K1: Phone | L1: Performance_Score | M1: Remote_Work | N1: Performance_Bouns
A2: EMP1000 | B2: Bob | C2: Davis | D2: 25 | E2: Devops | F2: California | G2: Active | H2: 44288 | I2: 59767.65 | J2: bob.davis@example.com | K2: -1651623197 | L2: Average | M2: TRUE | N2: 1195.353
A3: EMP1001 | B3: Bob | C3: Brown | E3: Finance | F3: Texas | G3: Active | H3: 44022 | I3: 65304.66 | J3: bob.brown@example.com | K3: -1898471390 | L3: Excellent | M3: TRUE | N3: 6530.466
A4: EMP1002 | B4: Alice | C4: Jones | E4: Admin | F4: Nevada | G4: Pending | H4: 45267 | I4: 88145.9 | J4: alice.jones@example.com | K4: -5596363211 | L4: Good | M4: TRUE | N4: 4407.295
A5: EMP1003 | B5: Eva | C5: Davis | D5: 25 | E5: Admin | F5: Nevada | G5: Inactive | H5: 44527 | I5: 69450.99 | J5: eva.davis@example.com | K5: -3476490784 | L5: Good | M5: TRUE | N5: 3472.5495
A6: EMP1004 | B6: Frank | C6: Williams | D6: 25 | E6: Cloud Tech | F6: Florida | G6: Active | H6: 44566 | I6: 109324.61 | J6: frank.williams@example.com | K6: -1586734256 | L6: Poor | M6: FALSE | N6: 0
A7: EMP1005 | B7: Alice | C7: Garcia | D7: 40 | E7: Sales | F7: Texas | G7: Inactive | H7: 43992 | I7: 88642.84 | J7: alice.garcia@example.com | K7: -5409003485 | L7: Good | M7: FALSE | N7: 4432.142
A8: EMP1006 | B8: Frank | C8: Jones | E8: Admin | F8: Nevada | G8: Active | H8: 43924 | I8: 96288.43 | J8: frank.jones@example.com | K8: -4518376063 | L8: Good | M8: FALSE | N8: 4814.4215
A9: EMP1007 | B9: Bob | C9: Jones | D9: 30 | E9: Cloud Tech | F9: Florida | G9: Inactive | H9: 44759 | I9: 94497.91 | J9: bob.jones@example.com | K9: -4134327559 | L9: Average | M9: TRUE | N9: 1889.9582
A10: EMP1008 | B10: Frank | C10: Davis | D10: 35 | E10: Admin | F10: Nevada | G10: Inactive | H10: 45268 | I10: 115565.82 | J10: frank.davis@example.com | K10: -4177656123 | L10: Excellent | M10: TRUE | N10: 11556.582
A11: EMP1009 | B11: Charlie | C11: Johnson | E11: Devops | F11: New York | G11: Active | H11: 44777 | I11: 76561.88 | J11: charlie.johnson@example.com | K11: -8156985699 | L11: Excellent | M11: TRUE | N11: 7656.188
A12: EMP1010 | B12: David | C12: Williams | D12: 35 | E12: Cloud Tech | F12: New York | G12: Active | H12: 45479 | I12: 72081.71 | J12: david.williams@example.com | K12: -2720634590 | L12: Average | M12: FALSE | N12: 1441.6342
A13: EMP1011 | B13: David | C13: Davis | E13: Devops | F13: California | G13: Active | H13: 45173 | I13: 84946.19 | J13: david.davis@example.com | K13: -1238296576 | L13: Poor | M13: TRUE | N13: 0
A14: EMP1012 | B14: Heidi | C14: Williams | D14: 30 | E14: Hr | F14: New York | G14: Active | H14: 45356 | I14: 89295.77 | J14: heidi.williams@example.com | K14: -2429543164 | L14: Excellent | M14: FALSE | N14: 8929.577
A15: EMP1013 | B15: Grace | C15: Williams | E15: Finance | F15: California | G15: Active | H15: 44114 | I15: 85666.84 | J15: grace.williams@example.com | K15: -2669300892 | L15: Good | M15: FALSE | N15: 4283.342
A16: EMP1014 | B16: Alice | C16: Garcia | D16: 25 | E16: Admin | F16: Nevada | G16: Active | H16: 45453 | I16: 97633.68 | J16: alice.garcia@example.com | K16: -1734206968 | L16: Excellent | M16: TRUE | N16: 9763.368
A17: EMP1015 | B17: Grace | C17: Jones | D17: 40 | E17: Sales | F17: Florida | G17: Pending | H17: 44345 | I17: 117975.49 | J17: grace.jones@example.com | K17: -4215291085 | L17: Good | M17: TRUE | N17: 5898.7745
A18: EMP1016 | B18: Alice | C18: Brown | D18: 25 | E18: Devops | F18: Illinois | G18: Inactive | H18: 45405 | I18: 94867.33 | J18: alice.brown@example.com | K18: -7713334475 | L18: Poor | M18: FALSE | N18: 0
A19: EMP1017 | B19: Grace | C19: Garcia | D19: 30 | E19: Finance | F19: Texas | G19: Pending | H19: 45624 | I19: 100377.65 | J19: grace.garcia@example.com | K19: -2639343625 | L19: Average | M19: TRUE | N19: 2007.553
A20: EMP1018 | B20: Charlie | C20: Garcia | E20: Cloud Tech | F20: Nevada | G20: Inactive | H20: 45554 | I20: 94726.46 | J20: charlie.garcia@example.com | K20: -2044397358 | L20: Excellent | M20: FALSE | N20: 9472.646
A21: EMP1019 | B21: Charlie | C21: Williams | D21: 35 | E21: Admin | F21: Illinois | G21: Pending | H21: 43832 | I21: 91926.12 | J21: charlie.williams@example.com | K21: -7107256365 | L21: Average | M21: TRUE | N21: 1838.5224
A22: EMP1020 | B22: Bob | C22: Miller | D22: 35 | E22: Hr | F22: New York | G22: Active | H22: 44324 | I22: 111460.67 | J22: bob.miller@example.com | K22: -9411800536 | L22: Excellent | M22: TRUE | N22: 11146.067
A23: EMP1021 | B23: Bob | C23: Jones | D23: 40 | E23: Cloud Tech | F23: Illinois | G23: Active | H23: 44093 | I23: 96182.56 | J23: bob.jones@example.com | K23: -5990048963 | L23: Good | M23: FALSE | N23: 4809.128
A24: EMP1022 | B24: Charlie | C24: Johnson | D24: 35 | E24: Sales | F24: Illinois | G24: Inactive | H24: 44264 | I24: 115023.94 | J24: charlie.johnson@example.com | K24: -6528092427 | L24: Average | M24: TRUE | N24: 2300.4788
A25: EMP1023 | B25: David | C25: Garcia | D25: 35 | E25: Finance | F25: Nevada | G25: Pending | H25: 44595 | I25: 80667.01 | J25: david.garcia@example.com | K25: -7572158623 | L25: Excellent | M25: FALSE | N25: 8066.701
A26: EMP1024 | B26: Bob | C26: Brown | D26: 30 | E26: Admin | F26: Texas | G26: Inactive | H26: 43874 | I26: 91181.61 | J26: bob.brown@example.com | K26: -1502745643 | L26: Good | M26: TRUE | N26: 4559.0805
A27: EMP1025 | B27: David | C27: Miller | D27: 25 | E27: Cloud Tech | F27: Nevada | G27: Pending | H27: 43951 | I27: 66025.92 | J27: david.miller@example.com | K27: -9485625727 | L27: Average | M27: FALSE | N27: 1320.5184
A28: EMP1026 | B28: Frank | C28: Miller | D28: 25 | E28: Sales | F28: New York | G28: Inactive | H28: 45201 | I28: 83979.01 | J28: frank.miller@example.com | K28: -7032032073 | L28: Average | M28: FALSE | N28: 1679.5802
A29: EMP1027 | B29: Heidi | C29: Johnson | D29: 30 | E29: Finance | F29: Florida | G29: Active | H29: 44024 | I29: 56785.16 | J29: heidi.johnson@example.com | K29: -2761707586 | L29: Excellent | M29: TRUE | N29: 5678.516
A30: EMP1028 | B30: Grace | C30: Garcia | D30: 40 | E30: Finance | F30: Nevada | G30: Active | H30: 45210 | I30: 95741.88 | J30: grace.garcia@example.com | K30: -7712151341 | L30: Excellent | M30: FALSE | N30: 9574.188
A31: EMP1029 | B31: Alice | C31: Brown | D31: 40 | E31: Devops | F31: California | G31: Active | H31: 44340 | I31: 63411.31 | J31: alice.brown@example.com | K31: -2849939088 | L31: Excellent | M31: TRUE | N31: 6341.131
A32: EMP1030 | B32: Charlie | C32: Jones | D32: 40 | E32: Admin | F32: California | G32: Inactive | H32: 44342 | I32: 111214.02 | J32: charlie.jones@example.com | K32: -2613715040 | L32: Good | M32: TRUE | N32: 5560.701
... A37: EMP1035 | B37: Frank | C37: Jones | D37: 25 | E37: Cloud Tech | F37: Illinois | G37: Inactive | H37: 44860 | I37: 114357.1 | J37: frank.jones@example.com | K37: -6642147648 | L37: Excellent | M37: TRUE | N37: 11435.71
A38: EMP1036 | B38: Alice | C38: Brown | E38: Cloud Tech | F38: New York | G38: Active | H38: 45049 | I38: 54757.26 | J38: alice.brown@example.com | K38: -2515837766 | L38: Poor | M38: FALSE | N38: 0
A39: EMP1037 | B39: Grace | C39: Smith | D39: 25 | E39: Sales | F39: New York | G39: Pending | H39: 45048 | I39: 52781.92 | J39: grace.smith@example.com | K39: -4996165925 | L39: Average | M39: TRUE | N39: 1055.6384
A40: EMP1038 | B40: Frank | C40: Smith | D40: 35 | E40: Admin | F40: Nevada | G40: Pending | H40: 44474 | I40: 66708.02 | J40: frank.smith@example.com | K40: -6108573277 | L40: Good | M40: TRUE | N40: 3335.401
A41: EMP1039 | B41: Eva | C41: Williams | D41: 40 | E41: Hr | F41: Texas | G41: Active | H41: 44769 | I41: 93481.15 | J41: eva.williams@example.com | K41: -8147617421 | L41: Poor | M41: FALSE | N41: 0
A42: EMP1040 | B42: Bob | C42: Williams | D42: 25 | E42: Sales | F42: New York | G42: Pending | H42: 44374 | I42: 59271.96 | J42: bob.williams@example.com | K42: -4386490809 | L42: Excellent | M42: TRUE | N42: 5927.196
A43: EMP1041 | B43: Bob | C43: Davis | D43: 30 | E43: Hr | F43: California | G43: Active | H43: 44728 | I43: 108362.15 | J43: bob.davis@example.com | K43: -8186617944 | L43: Excellent | M43: FALSE | N43: 10836.215
A44: EMP1042 | B44: Alice | C44: Johnson | E44: Hr | F44: Nevada | G44: Active | H44: 45629 | I44: 59400.38 | J44: alice.johnson@example.com | K44: -4918017225 | L44: Average | M44: TRUE | N44: 1188.0076
A45: EMP1043 | B45: Bob | C45: Garcia | E45: Admin | F45: California | G45: Inactive | H45: 45069 | I45: 64744.08 | J45: bob.garcia@example.com | K45: -164597793 | L45: Excellent | M45: FALSE | N45: 6474.408
A46: EMP1044 | B46: Eva | C46: Brown | E46: Finance | F46: California | G46: Active | H46: 44020 | I46: 94399.91 | J46: eva.brown@example.com | K46: -5232194167 | L46: Good | M46: TRUE | N46: 4719.9955
A47: EMP1045 | B47: Alice | C47: Brown | D47: 25 | E47: Hr | F47: New York | G47: Pending | H47: 44367 | I47: 61310.74 | J47: alice.brown@example.com | K47: -61027768 | L47: Average | M47: TRUE | N47: 1226.2148
A48: EMP1046 | B48: Grace | C48: Garcia | E48: Cloud Tech | F48: Texas | G48: Active | H48: 45639 | I48: 98371.37 | J48: grace.garcia@example.com | K48: -7499564121 | L48: Excellent | M48: FALSE | N48: 9837.137
A49: EMP1047 | B49: Alice | C49: Davis | D49: 35 | E49: Sales | F49: Illinois | G49: Active | H49: 44711 | I49: 58921.19 | J49: alice.davis@example.com | K49: -310303722 | L49: Average | M49: TRUE | N49: 1178.4238
A50: EMP1048 | B50: Alice | C50: Miller | D50: 35 | E50: Admin | F50: Nevada | G50: Active | H50: 45196 | I50: 57195.55 | J50: alice.miller@example.com | K50: -6831472759 | L50: Excellent | M50: FALSE | N50: 5719.555
A51: EMP1049 | B51: Grace | C51: Miller | E51: Devops | F51: New York | G51: Active | H51: 45601 | I51: 61375.12 | J51: grace.miller@example.com | K51: -1227770792 | L51: Excellent | M51: TRUE | N51: 6137.512
A52: EMP1050 | B52: Charlie | C52: Davis | D52: 40 | E52: Cloud Tech | F52: New York | G52: Pending | H52: 44511 | I52: 104767.05 | J52: charlie.davis@example.com | K52: -3496050165 | L52: Excellent | M52: FALSE | N52: 10476.705
A53: EMP1051 | B53: David | C53: Miller | D53: 35 | E53: Admin | F53: Nevada | G53: Active | H53: 44614 | I53: 111051.67 | J53: david.miller@example.com | K53: -7998407677 | L53: Good | M53: FALSE | N53: 5552.5835
A54: EMP1052 | B54: David | C54: Williams | D54: 30 | E54: Finance | F54: California | G54: Inactive | H54: 45511 | I54: 105674.18 | J54: david.williams@example.com | K54: -9973080694 | L54: Good | M54: FALSE | N54: 5283.709
A55: EMP1053 | B55: Alice | C55: Brown | D55: 30 | E55: Finance | F55: California | G55: Inactive | H55: 45601 | I55: 54859.45 | J55: alice.brown@example.com | K55: -8146717956 | L55: Average | M55: FALSE | N55: 1097.189
A56: EMP1054 | B56: Frank | C56: Davis | E56: Finance | F56: Nevada | G56: Pending | H56: 44509 | I56: 115746.6 | J56: frank.davis@example.com | K56: -6024375737 | L56: Excellent | M56: TRUE | N56: 11574.66
A57: EMP1055 | B57: Eva | C57: Brown | D57: 30 | E57: Sales | F57: California | G57: Active | H57: 44053 | I57: 91759.99 | J57: eva.brown@example.com | K57: -3959724664 | L57: Excellent | M57: TRUE | N57: 9175.999
A58: EMP1056 | B58: Frank | C58: Garcia | D58: 40 | E58: Sales | F58: Illinois | G58: Active | H58: 44619 | I58: 112965.33 | J58: frank.garcia@example.com | K58: -7293417222 | L58: Good | M58: FALSE | N58: 5648.2665
A59: EMP1057 | B59: Alice | C59: Smith | D59: 40 | E59: Cloud Tech | F59: Illinois | G59: Pending | H59: 45237 | I59: 100360.1 | J59: alice.smith@example.com | K59: -2971674337 | L59: Excellent | M59: FALSE | N59: 10036.01
A60: EMP1058 | B60: David | C60: Williams | D60: 35 | E60: Finance | F60: Texas | G60: Pending | H60: 44507 | I60: 93620.88 | J60: david.williams@example.com | K60: -54522800 | L60: Good | M60: FALSE | N60: 4681.044
A61: EMP1059 | B61: Bob | C61: Jones | D61: 35 | E61: Sales | F61: California | G61: Pending | H61: 44667 | I61: 72832.8 | J61: bob.jones@example.com | K61: -5619318373 | L61: Excellent | M61: TRUE | N61: 7283.28
A62: EMP1060 | B62: Charlie | C62: Williams | D62: 30 | E62: Finance | F62: Nevada | G62: Inactive | H62: 45218 | I62: 102369.42 | J62: charlie.williams@example.com | K62: -5508428909 | L62: Average | M62: TRUE | N62: 2047.3884
A63: EMP1061 | B63: Eva | C63: Davis | D63: 40 | E63: Sales | F63: Texas | G63: Inactive | H63: 44418 | I63: 64712.79 | J63: eva.davis@example.com | K63: -7711991807 | L63: Excellent | M63: TRUE | N63: 6471.279
A64: EMP1062 | B64: Frank | C64: Jones | D64: 40 | E64: Finance | F64: Florida | G64: Pending | H64: 44268 | I64: 85782.18 | J64: frank.jones@example.com | K64: -1213524786 | L64: Excellent | M64: TRUE | N64: 8578.218
A65: EMP1063 | B65: Charlie | C65: Smith | D65: 25 | E65: Hr | F65: Illinois | G65: Pending | H65: 45127 | I65: 93348.26 | J65: charlie.smith@example.com | K65: -1255213759 | L65: Poor | M65: FALSE | N65: 0
A66: EMP1064 | B66: David | C66: Davis | D66: 35 | E66: Admin | F66: New York | G66: Active | H66: 43881 | I66: 53234.96 | J66: david.davis@example.com | K66: -3754821455 | L66: Good | M66: FALSE | N66: 2661.748
A67: EMP1065 | B67: Bob | C67: Johnson | D67: 40 | E67: Finance | F67: Nevada | G67: Pending | H67: 44229 | I67: 100284.21 | J67: bob.johnson@example.com | K67: -5328632665 | L67: Excellent | M67: FALSE | N67: 10028.421
A68: EMP1066 | B68: Grace | C68: Brown | D68: 30 | E68: Admin | F68: Nevada | G68: Pending | H68: 43842 | I68: 112486.19 | J68: grace.brown@example.com | K68: -7850720810 | L68: Excellent | M68: TRUE | N68: 11248.619
... A70: EMP1068 | B70: Bob | C70: Brown | D70: 40 | E70: Admin | F70: Florida | G70: Pending | H70: 44918 | I70: 119152.47 | J70: bob.brown@example.com | K70: -846684549 | L70: Poor | M70: TRUE | N70: 0
A71: EMP1069 | B71: Heidi | C71: Miller | E71: Devops | F71: Illinois | G71: Inactive | H71: 45532 | I71: 113479.83 | J71: heidi.miller@example.com | K71: -4892673898 | L71: Good | M71: FALSE | N71: 5673.9915
A72: EMP1070 | B72: Charlie | C72: Johnson | D72: 40 | E72: Finance | F72: California | G72: Active | H72: 45551 | I72: 94636.3 | J72: charlie.johnson@example.com | K72: -7563410855 | L72: Poor | M72: FALSE | N72: 0
A73: EMP1071 | B73: Heidi | C73: Johnson | D73: 30 | E73: Hr | F73: Florida | G73: Active | H73: 45292 | I73: 70000.97 | J73: heidi.johnson@example.com | K73: -2884318847 | L73: Average | M73: TRUE | N73: 1400.0194
A74: EMP1072 | B74: Frank | C74: Smith | E74: Cloud Tech | F74: New York | G74: Active | H74: 44304 | I74: 76812.47 | J74: frank.smith@example.com | K74: -5200894345 | L74: Poor | M74: FALSE | N74: 0
A75: EMP1073 | B75: David | C75: Johnson | D75: 25 | E75: Finance | F75: Florida | G75: Inactive | H75: 44942 | I75: 82614.7 | J75: david.johnson@example.com | K75: -8105485100 | L75: Average | M75: TRUE | N75: 1652.294
A76: EMP1074 | B76: Grace | C76: Jones | D76: 40 | E76: Sales | F76: Nevada | G76: Active | H76: 45585 | I76: 111645.97 | J76: grace.jones@example.com | K76: -7490753997 | L76: Good | M76: TRUE | N76: 5582.2985
A77: EMP1075 | B77: Heidi | C77: Johnson | D77: 25 | E77: Hr | F77: California | G77: Inactive | H77: 45578 | I77: 112414.91 | J77: heidi.johnson@example.com | K77: -9354492682 | L77: Good | M77: FALSE | N77: 5620.7455
A78: EMP1076 | B78: David | C78: Brown | D78: 40 | E78: Admin | F78: California | G78: Inactive | H78: 44825 | I78: 52031.74 | J78: david.brown@example.com | K78: -1589357125 | L78: Good | M78: TRUE | N78: 2601.587
A79: EMP1077 | B79: Grace | C79: Brown | D79: 30 | E79: Finance | F79: New York | G79: Pending | H79: 44924 | I79: 51887.65 | J79: grace.brown@example.com | K79: -6110627370 | L79: Good | M79: FALSE | N79: 2594.3825
A80: EMP1078 | B80: Alice | C80: Davis | D80: 25 | E80: Devops | F80: Florida | G80: Active | H80: 45606 | I80: 82318.89 | J80: alice.davis@example.com | K80: -5869886496 | L80: Good | M80: TRUE | N80: 4115.9445
A81: EMP1079 | B81: Grace | C81: Brown | D81: 35 | E81: Admin | F81: Florida | G81: Inactive | H81: 44522 | I81: 103286.08 | J81: grace.brown@example.com | K81: -6776228276 | L81: Average | M81: FALSE | N81: 2065.7216
A82: EMP1080 | B82: Grace | C82: Davis | D82: 35 | E82: Cloud Tech | F82: Florida | G82: Active | H82: 45365 | I82: 87759.33 | J82: grace.davis@example.com | K82: -2881377027 | L82: Average | M82: FALSE | N82: 1755.1866
A83: EMP1081 | B83: Frank | C83: Brown | D83: 30 | E83: Devops | F83: Texas | G83: Pending | H83: 43913 | I83: 102796.32 | J83: frank.brown@example.com | K83: -5196115939 | L83: Good | M83: FALSE | N83: 5139.816
A84: EMP1082 | B84: David | C84: Jones | D84: 25 | E84: Sales | F84: New York | G84: Active | H84: 44089 | I84: 83149.27 | J84: david.jones@example.com | K84: -8215454469 | L84: Poor | M84: TRUE | N84: 0
A85: EMP1083 | B85: David | C85: Garcia | D85: 40 | E85: Devops | F85: California | G85: Inactive | H85: 44174 | I85: 92412.49 | J85: david.garcia@example.com | K85: -2296044326 | L85: Excellent | M85: TRUE | N85: 9241.249
A86: EMP1084 | B86: Bob | C86: Davis | D86: 30 | E86: Hr | F86: Texas | G86: Pending | H86: 43883 | I86: 115022.1 | J86: bob.davis@example.com | K86: -185106793 | L86: Good | M86: FALSE | N86: 5751.105
... A88: EMP1086 | B88: Bob | C88: Miller | D88: 35 | E88: Devops | F88: Illinois | G88: Active | H88: 45461 | I88: 118869.1 | J88: bob.miller@example.com | K88: -7725199662 | L88: Excellent | M88: TRUE | N88: 11886.91
A89: EMP1087 | B89: Frank | C89: Smith | E89: Finance | F89: Nevada | G89: Inactive | H89: 43972 | I89: 85417.26 | J89: frank.smith@example.com | K89: -6580741208 | L89: Good | M89: TRUE | N89: 4270.863
A90: EMP1088 | B90: Grace | C90: Brown | D90: 40 | E90: Cloud Tech | F90: Florida | G90: Inactive | H90: 45132 | I90: 112410.25 | J90: grace.brown@example.com | K90: -4818139889 | L90: Good | M90: TRUE | N90: 5620.5125
A91: EMP1089 | B91: Charlie | C91: Johnson | D91: 40 | E91: Admin | F91: Nevada | G91: Pending | H91: 45163 | I91: 68905.77 | J91: charlie.johnson@example.com | K91: -9837801819 | L91: Average | M91: FALSE | N91: 1378.1154
A92: EMP1090 | B92: Heidi | C92: Garcia | D92: 40 | E92: Finance | F92: Nevada | G92: Pending | H92: 44380 | I92: 72561.32 | J92: heidi.garcia@example.com | K92: -4339718955 | L92: Excellent | M92: TRUE | N92: 7256.132
A93: EMP1091 | B93: Bob | C93: Brown | D93: 35 | E93: Finance | F93: New York | G93: Inactive | H93: 44998 | I93: 92723.22 | J93: bob.brown@example.com | K93: -9070562607 | L93: Excellent | M93: TRUE | N93: 9272.322
A94: EMP1092 | B94: Alice | C94: Johnson | D94: 40 | E94: Hr | F94: New York | G94: Inactive | H94: 44265 | I94: 74837.75 | J94: alice.johnson@example.com | K94: -5641118241 | L94: Poor | M94: FALSE | N94: 0
A95: EMP1093 | B95: Eva | C95: Miller | E95: Devops | F95: California | G95: Pending | H95: 43851 | I95: 86163.91 | J95: eva.miller@example.com | K95: -2412462094 | L95: Average | M95: TRUE | N95: 1723.2782
A96: EMP1094 | B96: David | C96: Miller | D96: 40 | E96: Finance | F96: Illinois | G96: Active | H96: 45245 | I96: 83326.52 | J96: david.miller@example.com | K96: -2004615264 | L96: Average | M96: TRUE | N96: 1666.5304
A97: EMP1095 | B97: Heidi | C97: Miller | D97: 25 | E97: Cloud Tech | F97: California | G97: Active | H97: 44659 | I97: 98425.1 | J97: heidi.miller@example.com | K97: -4610339936 | L97: Average | M97: TRUE | N97: 1968.502
A98: EMP1096 | B98: Frank | C98: Johnson | D98: 40 | E98: Sales | F98: Illinois | G98: Inactive | H98: 44702 | I98: 119764.2 | J98: frank.johnson@example.com | K98: -8861405785 | L98: Average | M98: FALSE | N98: 2395.284
A99: EMP1097 | B99: Frank | C99: Brown | D99: 40 | E99: Hr | F99: California | G99: Inactive | H99: 44303 | I99: 58445.91 | J99: frank.brown@example.com | K99: -1706304890 | L99: Excellent | M99: FALSE | N99: 5844.591
A100: EMP1098 | B100: Bob | C100: Miller | E100: Devops | F100: New York | G100: Active | H100: 44274 | I100: 101702.33 | J100: bob.miller@example.com | K100: -3824967182 | L100: Excellent | M100: FALSE | N100: 10170.233
A101: EMP1099 | B101: Eva | C101: Jones | D101: 25 | E101: Admin | F101: California | G101: Active | H101: 44570 | J101: eva.jones@example.com | K101: -2582386869 | L101: Good | M101: FALSE
A102: EMP1100 | B102: Charlie | C102: Davis | D102: 35 | E102: Cloud Tech | F102: Texas | G102: Pending | H102: 44429 | I102: 98819.22 | J102: charlie.davis@example.com | K102: -794200748 | L102: Good | M102: FALSE | N102: 4940.961
A103: EMP1101 | B103: Heidi | C103: Johnson | D103: 25 | E103: Cloud Tech | F103: Illinois | G103: Inactive | H103: 44792 | I103: 83509.99 | J103: heidi.johnson@example.com | K103: -4653984027 | L103: Average | M103: FALSE | N103: 1670.1998
A104: EMP1102 | B104: Alice | C104: Johnson | D104: 35 | E104: Finance | F104: Texas | G104: Active | H104: 44651 | I104: 84422.26 | J104: alice.johnson@example.com | K104: -9141612845 | L104: Average | M104: FALSE | N104: 1688.4452
A105: EMP1103 | B105: Alice | C105: Brown | D105: 30 | E105: Admin | F105: Illinois | G105: Inactive | H105: 44005 | I105: 119574.27 | J105: alice.brown@example.com | K105: -3985547434 | L105: Average | M105: TRUE | N105: 2391.4854
A106: EMP1104 | B106: Grace | C106: Johnson | E106: Sales | F106: Illinois | G106: Active | H106: 45419 | I106: 86580.08 | J106: grace.johnson@example.com | K106: -5379502096 | L106: Good | M106: TRUE | N106: 4329.004
...
